[
  { "id": 1, "name": "TechWorld Supplies", "email": "contact@techworld.com", "category": "Electronics", "location": "Mumbai" },
  { "id": 2, "name": "Digital Hub Pvt Ltd", "email": "sales@digitalhub.in", "category": "IT Hardware", "location": "Bengaluru" },
  { "id": 3, "name": "OfficeMart Solutions", "email": "info@officemart.com", "category": "Office Supplies", "location": "Delhi" },
  { "id": 4, "name": "NeoTech Distributors", "email": "ashharraza17@gmail.com", "category": "Computers", "location": "Hyderabad" },
  { "id": 5, "name": "SmartChoice Electronics", "email": "orders@smartchoice.com", "category": "Electronics", "location": "Pune" },
  { "id": 6, "name": "ProIT Systems", "email": "service@proit.in", "category": "IT Hardware", "location": "Chennai" },
  { "id": 7, "name": "Metro Office Supplies", "email": "metro@office.in", "category": "Office Supplies", "location": "Kolkata" },
  { "id": 8, "name": "FutureTech Traders", "email": "ashharsiddiqui462@gmail.com", "category": "Computers", "location": "Ahmedabad" },
  { "id": 9, "name": "PrimeGear Solutions", "email": "prime@gear.co", "category": "Electronics", "location": "Jaipur" },
  { "id": 10, "name": "CityCore Distributors", "email": "sales@citycore.in", "category": "Office Supplies", "location": "Lucknow" },
  { "id": 11, "name": "eTech Enterprises", "email": "contact@etech.co", "category": "Computers", "location": "Indore" },
  { "id": 12, "name": "TechValue Traders", "email": "value@tech.com", "category": "IT Hardware", "location": "Surat" },
  { "id": 13, "name": "StarOffice Mart", "email": "support@staroffice.in", "category": "Office Supplies", "location": "Nagpur" },
  { "id": 14, "name": "BlueWave Electronics", "email": "info@bluewave.com", "category": "Electronics", "location": "Visakhapatnam" },
  { "id": 15, "name": "AlphaTech Hardware", "email": "alpha@tech.in", "category": "IT Hardware", "location": "Bhopal" },
  { "id": 16, "name": "OfficePlus Store", "email": "orders@officeplus.co", "category": "Office Supplies", "location": "Patna" },
  { "id": 17, "name": "NextGen Computers", "email": "sales@nextgen.com", "category": "Computers", "location": "Thane" },
  { "id": 18, "name": "UrbanTech India", "email": "contact@urbantech.in", "category": "Electronics", "location": "Noida" },
  { "id": 19, "name": "ProOffice Traders", "email": "office@protrader.in", "category": "Office Supplies", "location": "Vadodara" },
  { "id": 20, "name": "Hardware Point", "email": "point@hardware.com", "category": "IT Hardware", "location": "Ranchi" },
  { "id": 21, "name": "BrightTech Distribution", "email": "bright@tech.com", "category": "Computers", "location": "Chandigarh" },
  { "id": 22, "name": "EcoOffice Hub", "email": "eco@officehub.in", "category": "Office Supplies", "location": "Coimbatore" },
  { "id": 23, "name": "Infinity Electronics", "email": "info@infinityelec.com", "category": "Electronics", "location": "Nashik" },
  { "id": 24, "name": "Global IT Mart", "email": "global@itmart.in", "category": "IT Hardware", "location": "Rajkot" },
  { "id": 25, "name": "Quantum Computers", "email": "contact@quantumcomp.in", "category": "Computers", "location": "Gurugram" }
]
